FeatureN	V2	V3	V4	V5	V6	V7	V8	V9	V10	V11	V12	V13	V14	V15	V16	V17	V18	V19	V20	V21
50	PAX5alt	PAX5alt	PAX5alt	PAX5alt	PAX5alt	PAX5alt	Ph	PAX5alt	PAX5alt	PAX5alt	MEF2D	PAX5alt	KMT2A	PAX5alt	PAX5alt	PAX5alt	PAX5alt	PAX5alt	PAX5alt	Low hypodiploid
100	PAX5alt	PAX5alt	PAX5alt	PAX5alt	PAX5alt	PAX5alt	PAX5alt	PAX5alt	PAX5alt	PAX5alt	PAX5alt	PAX5alt	PAX5alt	Hyperdiploid	Low hypodiploid	PAX5alt	PAX5alt	MEF2D	Hyperdiploid	Hyperdiploid
150	PAX5alt	PAX5alt	PAX5alt	PAX5alt	PAX5alt	PAX5alt	PAX5alt	PAX5alt	PAX5alt	PAX5alt	PAX5alt	PAX5alt	PAX5 P80R	PAX5alt	PAX5alt	PAX5alt	PAX5alt	PAX5alt	PAX5alt	Hyperdiploid
200	PAX5alt	PAX5alt	PAX5alt	PAX5alt	PAX5alt	PAX5alt	PAX5alt	PAX5alt	PAX5alt	PAX5alt	PAX5alt	PAX5alt	PAX5alt	PAX5alt	PAX5alt	PAX5alt	PAX5alt	Hyperdiploid	PAX5alt	Hyperdiploid
250	PAX5alt	PAX5alt	PAX5alt	PAX5alt	PAX5alt	PAX5alt	PAX5alt	PAX5alt	PAX5alt	PAX5alt	PAX5alt	PAX5alt	PAX5alt	PAX5alt	PAX5alt	PAX5alt	Hyperdiploid	PAX5alt	PAX5alt	PAX5alt
300	PAX5alt	PAX5alt	PAX5alt	PAX5alt	PAX5alt	PAX5alt	PAX5alt	PAX5alt	PAX5alt	PAX5alt	PAX5alt	PAX5alt	PAX5alt	PAX5alt	PAX5alt	Hyperdiploid	PAX5alt	PAX5alt	PAX5alt	PAX5alt
350	PAX5alt	PAX5alt	PAX5alt	PAX5alt	PAX5alt	PAX5alt	PAX5alt	PAX5alt	PAX5alt	PAX5alt	PAX5alt	PAX5alt	PAX5alt	Hyperdiploid	PAX5alt	PAX5alt	PAX5alt	PAX5alt	PAX5alt	PAX5alt
400	PAX5alt	PAX5alt	PAX5alt	PAX5alt	PAX5alt	PAX5alt	PAX5alt	PAX5alt	PAX5alt	Hyperdiploid	PAX5alt	PAX5alt	PAX5alt	PAX5alt	PAX5alt	PAX5alt	PAX5alt	PAX5alt	PAX5alt	PAX5alt
450	PAX5alt	PAX5alt	PAX5alt	PAX5alt	PAX5alt	PAX5alt	PAX5alt	PAX5alt	PAX5alt	PAX5alt	Hyperdiploid	PAX5alt	PAX5alt	PAX5alt	PAX5alt	PAX5alt	PAX5alt	PAX5alt	PAX5alt	PAX5alt
500	PAX5alt	PAX5alt	PAX5alt	PAX5alt	PAX5alt	PAX5alt	Hyperdiploid	PAX5alt	PAX5alt	PAX5alt	PAX5alt	PAX5alt	PAX5alt	PAX5alt	PAX5alt	PAX5alt	PAX5alt	PAX5alt	PAX5alt	Hyperdiploid
550	PAX5alt	PAX5alt	PAX5alt	PAX5alt	PAX5alt	Hyperdiploid	PAX5alt	PAX5alt	PAX5alt	PAX5alt	PAX5alt	PAX5alt	PAX5alt	PAX5alt	PAX5alt	PAX5alt	PAX5alt	PAX5alt	PAX5alt	Hyperdiploid
600	PAX5alt	PAX5alt	PAX5alt	PAX5alt	PAX5alt	PAX5alt	PAX5alt	Hyperdiploid	PAX5alt	PAX5alt	PAX5alt	PAX5alt	PAX5alt	PAX5alt	PAX5alt	PAX5alt	PAX5alt	PAX5alt	PAX5alt	PAX5alt
650	PAX5alt	PAX5alt	PAX5alt	PAX5alt	PAX5alt	PAX5alt	PAX5alt	PAX5alt	PAX5alt	PAX5alt	PAX5alt	PAX5alt	PAX5alt	Hyperdiploid	PAX5alt	PAX5alt	PAX5alt	PAX5alt	PAX5alt	PAX5alt
700	PAX5alt	PAX5alt	PAX5alt	PAX5alt	PAX5alt	PAX5alt	PAX5alt	PAX5alt	PAX5alt	PAX5alt	PAX5alt	PAX5alt	Hyperdiploid	PAX5alt	PAX5alt	PAX5alt	PAX5alt	PAX5alt	PAX5alt	PAX5alt
750	PAX5alt	PAX5alt	PAX5alt	PAX5alt	PAX5alt	PAX5alt	PAX5alt	PAX5alt	PAX5alt	PAX5alt	PAX5alt	PAX5alt	PAX5alt	Hyperdiploid	PAX5alt	PAX5alt	PAX5alt	PAX5alt	PAX5alt	PAX5alt
800	PAX5alt	PAX5alt	PAX5alt	PAX5alt	PAX5alt	PAX5alt	PAX5alt	PAX5alt	PAX5alt	PAX5alt	PAX5alt	PAX5alt	PAX5alt	PAX5alt	PAX5alt	Hyperdiploid	PAX5alt	PAX5alt	PAX5alt	Hyperdiploid
850	PAX5alt	PAX5alt	PAX5alt	PAX5alt	PAX5alt	PAX5alt	PAX5alt	PAX5alt	PAX5alt	PAX5alt	PAX5alt	PAX5alt	PAX5alt	Hyperdiploid	PAX5alt	PAX5alt	PAX5alt	PAX5alt	PAX5alt	PAX5alt
900	PAX5alt	PAX5alt	PAX5alt	PAX5alt	PAX5alt	PAX5alt	PAX5alt	PAX5alt	PAX5alt	PAX5alt	PAX5alt	PAX5alt	Hyperdiploid	PAX5alt	PAX5alt	PAX5alt	PAX5alt	PAX5alt	PAX5alt	PAX5alt
950	PAX5alt	PAX5alt	PAX5alt	PAX5alt	PAX5alt	PAX5alt	PAX5alt	PAX5alt	PAX5alt	PAX5alt	PAX5alt	PAX5alt	PAX5alt	PAX5alt	PAX5alt	PAX5alt	Hyperdiploid	PAX5alt	PAX5alt	PAX5alt
1000	PAX5alt	PAX5alt	PAX5alt	PAX5alt	PAX5alt	PAX5alt	PAX5alt	PAX5alt	PAX5alt	PAX5alt	PAX5alt	PAX5alt	PAX5alt	PAX5alt	PAX5alt	PAX5alt	PAX5alt	Hyperdiploid	PAX5alt	PAX5alt
1050	PAX5alt	PAX5alt	PAX5alt	PAX5alt	PAX5alt	PAX5alt	PAX5alt	PAX5alt	PAX5alt	PAX5alt	PAX5alt	PAX5alt	PAX5alt	PAX5alt	PAX5alt	PAX5alt	Hyperdiploid	PAX5alt	PAX5alt	PAX5alt
1100	PAX5alt	PAX5alt	PAX5alt	PAX5alt	PAX5alt	PAX5alt	PAX5alt	PAX5alt	PAX5alt	PAX5alt	PAX5alt	PAX5alt	PAX5alt	PAX5alt	PAX5alt	PAX5alt	Hyperdiploid	PAX5alt	PAX5alt	PAX5alt
1150	PAX5alt	PAX5alt	PAX5alt	PAX5alt	PAX5alt	PAX5alt	PAX5alt	PAX5alt	PAX5alt	PAX5alt	PAX5alt	PAX5alt	PAX5alt	PAX5alt	PAX5alt	Hyperdiploid	PAX5alt	PAX5alt	PAX5alt	PAX5alt
1200	PAX5alt	PAX5alt	PAX5alt	PAX5alt	PAX5alt	PAX5alt	PAX5alt	PAX5alt	PAX5alt	PAX5alt	PAX5alt	PAX5alt	PAX5alt	PAX5alt	PAX5alt	PAX5alt	PAX5alt	Hyperdiploid	PAX5alt	PAX5alt
1250	PAX5alt	PAX5alt	PAX5alt	PAX5alt	PAX5alt	PAX5alt	PAX5alt	PAX5alt	PAX5alt	PAX5alt	PAX5alt	PAX5alt	PAX5alt	PAX5alt	PAX5alt	PAX5alt	PAX5alt	Hyperdiploid	PAX5alt	PAX5alt
1300	PAX5alt	PAX5alt	PAX5alt	PAX5alt	PAX5alt	PAX5alt	PAX5alt	PAX5alt	PAX5alt	PAX5alt	PAX5alt	PAX5alt	PAX5alt	PAX5alt	PAX5alt	PAX5alt	PAX5alt	Hyperdiploid	PAX5alt	PAX5alt
1350	PAX5alt	PAX5alt	PAX5alt	PAX5alt	PAX5alt	PAX5alt	PAX5alt	PAX5alt	PAX5alt	PAX5alt	PAX5alt	PAX5alt	PAX5alt	PAX5alt	PAX5alt	PAX5alt	PAX5alt	Hyperdiploid	PAX5alt	PAX5alt
1400	PAX5alt	PAX5alt	PAX5alt	PAX5alt	PAX5alt	PAX5alt	PAX5alt	PAX5alt	PAX5alt	PAX5alt	PAX5alt	PAX5alt	PAX5alt	PAX5alt	PAX5alt	PAX5alt	PAX5alt	Hyperdiploid	PAX5alt	PAX5alt
1450	PAX5alt	PAX5alt	PAX5alt	PAX5alt	PAX5alt	PAX5alt	PAX5alt	PAX5alt	PAX5alt	PAX5alt	PAX5alt	PAX5alt	PAX5alt	PAX5alt	PAX5alt	PAX5alt	PAX5alt	PAX5alt	Hyperdiploid	PAX5alt
1500	PAX5alt	PAX5alt	PAX5alt	PAX5alt	PAX5alt	PAX5alt	PAX5alt	PAX5alt	PAX5alt	PAX5alt	PAX5alt	PAX5alt	PAX5alt	PAX5alt	PAX5alt	PAX5alt	PAX5alt	PAX5alt	Hyperdiploid	Hyperdiploid
1550	PAX5alt	PAX5alt	PAX5alt	PAX5alt	PAX5alt	PAX5alt	PAX5alt	PAX5alt	PAX5alt	PAX5alt	PAX5alt	PAX5alt	PAX5alt	PAX5alt	PAX5alt	PAX5alt	PAX5alt	PAX5alt	Hyperdiploid	Hyperdiploid
1600	PAX5alt	PAX5alt	PAX5alt	PAX5alt	PAX5alt	PAX5alt	PAX5alt	PAX5alt	PAX5alt	PAX5alt	PAX5alt	PAX5alt	PAX5alt	PAX5alt	PAX5alt	PAX5alt	PAX5alt	PAX5alt	Hyperdiploid	Hyperdiploid
1650	PAX5alt	PAX5alt	PAX5alt	PAX5alt	PAX5alt	PAX5alt	PAX5alt	PAX5alt	PAX5alt	PAX5alt	PAX5alt	PAX5alt	PAX5alt	PAX5alt	PAX5alt	PAX5alt	PAX5alt	PAX5alt	PAX5alt	Hyperdiploid
1700	PAX5alt	PAX5alt	PAX5alt	PAX5alt	PAX5alt	PAX5alt	PAX5alt	PAX5alt	PAX5alt	PAX5alt	PAX5alt	PAX5alt	PAX5alt	PAX5alt	PAX5alt	PAX5alt	PAX5alt	PAX5alt	PAX5alt	Hyperdiploid
1750	PAX5alt	PAX5alt	PAX5alt	PAX5alt	PAX5alt	PAX5alt	PAX5alt	PAX5alt	PAX5alt	PAX5alt	PAX5alt	PAX5alt	PAX5alt	PAX5alt	PAX5alt	PAX5alt	PAX5alt	PAX5alt	PAX5alt	PAX5alt
1800	PAX5alt	PAX5alt	PAX5alt	PAX5alt	PAX5alt	PAX5alt	PAX5alt	PAX5alt	PAX5alt	PAX5alt	PAX5alt	PAX5alt	PAX5alt	PAX5alt	PAX5alt	PAX5alt	PAX5alt	PAX5alt	PAX5alt	Hyperdiploid
1850	PAX5alt	PAX5alt	PAX5alt	PAX5alt	PAX5alt	PAX5alt	PAX5alt	PAX5alt	PAX5alt	PAX5alt	PAX5alt	PAX5alt	PAX5alt	PAX5alt	PAX5alt	PAX5alt	PAX5alt	PAX5alt	PAX5alt	Hyperdiploid
1900	PAX5alt	PAX5alt	PAX5alt	PAX5alt	PAX5alt	PAX5alt	PAX5alt	PAX5alt	PAX5alt	PAX5alt	PAX5alt	PAX5alt	PAX5alt	PAX5alt	PAX5alt	PAX5alt	PAX5alt	PAX5alt	PAX5alt	Hyperdiploid
1950	PAX5alt	PAX5alt	PAX5alt	PAX5alt	PAX5alt	PAX5alt	PAX5alt	PAX5alt	PAX5alt	PAX5alt	PAX5alt	PAX5alt	PAX5alt	PAX5alt	PAX5alt	PAX5alt	PAX5alt	PAX5alt	PAX5alt	Hyperdiploid
2000	PAX5alt	PAX5alt	PAX5alt	PAX5alt	PAX5alt	PAX5alt	PAX5alt	PAX5alt	PAX5alt	PAX5alt	PAX5alt	PAX5alt	PAX5alt	PAX5alt	PAX5alt	PAX5alt	PAX5alt	PAX5alt	PAX5alt	Hyperdiploid
2050	PAX5alt	PAX5alt	PAX5alt	PAX5alt	PAX5alt	PAX5alt	PAX5alt	PAX5alt	PAX5alt	PAX5alt	PAX5alt	PAX5alt	PAX5alt	PAX5alt	PAX5alt	PAX5alt	PAX5alt	PAX5alt	PAX5alt	Hyperdiploid
2100	PAX5alt	PAX5alt	PAX5alt	PAX5alt	PAX5alt	PAX5alt	PAX5alt	PAX5alt	PAX5alt	PAX5alt	PAX5alt	PAX5alt	PAX5alt	PAX5alt	PAX5alt	PAX5alt	PAX5alt	PAX5alt	PAX5alt	Hyperdiploid
2150	PAX5alt	PAX5alt	PAX5alt	PAX5alt	PAX5alt	PAX5alt	PAX5alt	PAX5alt	PAX5alt	PAX5alt	PAX5alt	PAX5alt	PAX5alt	PAX5alt	PAX5alt	PAX5alt	PAX5alt	PAX5alt	PAX5alt	PAX5alt
2200	PAX5alt	PAX5alt	PAX5alt	PAX5alt	PAX5alt	PAX5alt	PAX5alt	PAX5alt	PAX5alt	PAX5alt	PAX5alt	PAX5alt	PAX5alt	PAX5alt	PAX5alt	PAX5alt	PAX5alt	PAX5alt	PAX5alt	PAX5alt
2250	PAX5alt	PAX5alt	PAX5alt	PAX5alt	PAX5alt	PAX5alt	PAX5alt	PAX5alt	PAX5alt	PAX5alt	PAX5alt	PAX5alt	PAX5alt	PAX5alt	PAX5alt	PAX5alt	PAX5alt	PAX5alt	PAX5alt	PAX5alt
2300	PAX5alt	PAX5alt	PAX5alt	PAX5alt	PAX5alt	PAX5alt	PAX5alt	PAX5alt	PAX5alt	PAX5alt	PAX5alt	PAX5alt	PAX5alt	PAX5alt	PAX5alt	PAX5alt	PAX5alt	PAX5alt	PAX5alt	PAX5alt
2350	PAX5alt	PAX5alt	PAX5alt	PAX5alt	PAX5alt	PAX5alt	PAX5alt	PAX5alt	PAX5alt	PAX5alt	PAX5alt	PAX5alt	PAX5alt	PAX5alt	PAX5alt	PAX5alt	PAX5alt	PAX5alt	PAX5alt	PAX5alt
2400	PAX5alt	PAX5alt	PAX5alt	PAX5alt	PAX5alt	PAX5alt	PAX5alt	PAX5alt	PAX5alt	PAX5alt	PAX5alt	PAX5alt	PAX5alt	PAX5alt	PAX5alt	PAX5alt	PAX5alt	PAX5alt	PAX5alt	PAX5alt
2450	PAX5alt	PAX5alt	PAX5alt	PAX5alt	PAX5alt	PAX5alt	PAX5alt	PAX5alt	PAX5alt	PAX5alt	PAX5alt	PAX5alt	PAX5alt	PAX5alt	PAX5alt	PAX5alt	PAX5alt	PAX5alt	PAX5alt	Hyperdiploid
2500	PAX5alt	PAX5alt	PAX5alt	PAX5alt	PAX5alt	PAX5alt	PAX5alt	PAX5alt	PAX5alt	PAX5alt	PAX5alt	PAX5alt	PAX5alt	PAX5alt	PAX5alt	PAX5alt	PAX5alt	PAX5alt	PAX5alt	Hyperdiploid
2550	PAX5alt	PAX5alt	PAX5alt	PAX5alt	PAX5alt	PAX5alt	PAX5alt	PAX5alt	PAX5alt	PAX5alt	PAX5alt	PAX5alt	PAX5alt	PAX5alt	PAX5alt	PAX5alt	PAX5alt	PAX5alt	PAX5alt	Hyperdiploid
2600	PAX5alt	PAX5alt	PAX5alt	PAX5alt	PAX5alt	PAX5alt	PAX5alt	PAX5alt	PAX5alt	PAX5alt	PAX5alt	PAX5alt	PAX5alt	PAX5alt	PAX5alt	PAX5alt	PAX5alt	PAX5alt	PAX5alt	PAX5alt
2650	PAX5alt	PAX5alt	PAX5alt	PAX5alt	PAX5alt	PAX5alt	PAX5alt	PAX5alt	PAX5alt	PAX5alt	PAX5alt	PAX5alt	PAX5alt	PAX5alt	PAX5alt	PAX5alt	PAX5alt	PAX5alt	PAX5alt	PAX5alt
2700	PAX5alt	PAX5alt	PAX5alt	PAX5alt	PAX5alt	PAX5alt	PAX5alt	PAX5alt	PAX5alt	PAX5alt	PAX5alt	PAX5alt	PAX5alt	PAX5alt	PAX5alt	PAX5alt	PAX5alt	PAX5alt	PAX5alt	PAX5alt
2750	PAX5alt	PAX5alt	PAX5alt	PAX5alt	PAX5alt	PAX5alt	PAX5alt	PAX5alt	PAX5alt	PAX5alt	PAX5alt	PAX5alt	PAX5alt	PAX5alt	PAX5alt	PAX5alt	PAX5alt	PAX5alt	PAX5alt	PAX5alt
2800	PAX5alt	PAX5alt	PAX5alt	PAX5alt	PAX5alt	PAX5alt	PAX5alt	PAX5alt	PAX5alt	PAX5alt	PAX5alt	PAX5alt	PAX5alt	PAX5alt	PAX5alt	PAX5alt	PAX5alt	PAX5alt	PAX5alt	PAX5alt
2850	PAX5alt	PAX5alt	PAX5alt	PAX5alt	PAX5alt	PAX5alt	PAX5alt	PAX5alt	PAX5alt	PAX5alt	PAX5alt	PAX5alt	PAX5alt	PAX5alt	PAX5alt	PAX5alt	PAX5alt	PAX5alt	PAX5alt	PAX5alt
2900	PAX5alt	PAX5alt	PAX5alt	PAX5alt	PAX5alt	PAX5alt	PAX5alt	PAX5alt	PAX5alt	PAX5alt	PAX5alt	PAX5alt	PAX5alt	PAX5alt	PAX5alt	PAX5alt	PAX5alt	PAX5alt	PAX5alt	PAX5alt
2950	PAX5alt	PAX5alt	PAX5alt	PAX5alt	PAX5alt	PAX5alt	PAX5alt	PAX5alt	PAX5alt	PAX5alt	PAX5alt	PAX5alt	PAX5alt	PAX5alt	PAX5alt	PAX5alt	PAX5alt	PAX5alt	PAX5alt	PAX5alt
3000	PAX5alt	PAX5alt	PAX5alt	PAX5alt	PAX5alt	PAX5alt	PAX5alt	PAX5alt	PAX5alt	PAX5alt	PAX5alt	PAX5alt	PAX5alt	PAX5alt	PAX5alt	PAX5alt	PAX5alt	PAX5alt	PAX5alt	PAX5alt
3050	PAX5alt	PAX5alt	PAX5alt	PAX5alt	PAX5alt	PAX5alt	PAX5alt	PAX5alt	PAX5alt	PAX5alt	PAX5alt	PAX5alt	PAX5alt	PAX5alt	PAX5alt	PAX5alt	PAX5alt	PAX5alt	PAX5alt	PAX5alt
3100	PAX5alt	PAX5alt	PAX5alt	PAX5alt	PAX5alt	PAX5alt	PAX5alt	PAX5alt	PAX5alt	PAX5alt	PAX5alt	PAX5alt	PAX5alt	PAX5alt	PAX5alt	PAX5alt	PAX5alt	PAX5alt	PAX5alt	PAX5alt
3150	PAX5alt	PAX5alt	PAX5alt	PAX5alt	PAX5alt	PAX5alt	PAX5alt	PAX5alt	PAX5alt	PAX5alt	PAX5alt	PAX5alt	PAX5alt	PAX5alt	PAX5alt	PAX5alt	PAX5alt	PAX5alt	PAX5alt	PAX5alt
3200	PAX5alt	PAX5alt	PAX5alt	PAX5alt	PAX5alt	PAX5alt	PAX5alt	PAX5alt	PAX5alt	PAX5alt	PAX5alt	PAX5alt	PAX5alt	PAX5alt	PAX5alt	PAX5alt	PAX5alt	PAX5alt	PAX5alt	PAX5alt
3250	PAX5alt	PAX5alt	PAX5alt	PAX5alt	PAX5alt	PAX5alt	PAX5alt	PAX5alt	PAX5alt	PAX5alt	PAX5alt	PAX5alt	PAX5alt	PAX5alt	PAX5alt	PAX5alt	PAX5alt	PAX5alt	PAX5alt	PAX5alt
3300	PAX5alt	PAX5alt	PAX5alt	PAX5alt	PAX5alt	PAX5alt	PAX5alt	PAX5alt	PAX5alt	PAX5alt	PAX5alt	PAX5alt	PAX5alt	PAX5alt	PAX5alt	PAX5alt	PAX5alt	PAX5alt	PAX5alt	PAX5alt
3350	PAX5alt	PAX5alt	PAX5alt	PAX5alt	PAX5alt	PAX5alt	PAX5alt	PAX5alt	PAX5alt	PAX5alt	PAX5alt	PAX5alt	PAX5alt	PAX5alt	PAX5alt	PAX5alt	PAX5alt	PAX5alt	PAX5alt	PAX5alt
3400	PAX5alt	PAX5alt	PAX5alt	PAX5alt	PAX5alt	PAX5alt	PAX5alt	PAX5alt	PAX5alt	PAX5alt	PAX5alt	PAX5alt	PAX5alt	PAX5alt	PAX5alt	PAX5alt	PAX5alt	PAX5alt	PAX5alt	PAX5alt
3450	PAX5alt	PAX5alt	PAX5alt	PAX5alt	PAX5alt	PAX5alt	PAX5alt	PAX5alt	PAX5alt	PAX5alt	PAX5alt	PAX5alt	PAX5alt	PAX5alt	PAX5alt	PAX5alt	PAX5alt	PAX5alt	PAX5alt	PAX5alt
3500	PAX5alt	PAX5alt	PAX5alt	PAX5alt	PAX5alt	PAX5alt	PAX5alt	PAX5alt	PAX5alt	PAX5alt	PAX5alt	PAX5alt	PAX5alt	PAX5alt	PAX5alt	PAX5alt	PAX5alt	PAX5alt	PAX5alt	PAX5alt
3550	PAX5alt	PAX5alt	PAX5alt	PAX5alt	PAX5alt	PAX5alt	PAX5alt	PAX5alt	PAX5alt	PAX5alt	PAX5alt	PAX5alt	PAX5alt	PAX5alt	PAX5alt	PAX5alt	PAX5alt	PAX5alt	PAX5alt	PAX5alt
3600	PAX5alt	PAX5alt	PAX5alt	PAX5alt	PAX5alt	PAX5alt	PAX5alt	PAX5alt	PAX5alt	PAX5alt	PAX5alt	PAX5alt	PAX5alt	PAX5alt	PAX5alt	PAX5alt	PAX5alt	PAX5alt	PAX5alt	PAX5alt
3650	PAX5alt	PAX5alt	PAX5alt	PAX5alt	PAX5alt	PAX5alt	PAX5alt	PAX5alt	PAX5alt	PAX5alt	PAX5alt	PAX5alt	PAX5alt	PAX5alt	PAX5alt	PAX5alt	PAX5alt	PAX5alt	PAX5alt	PAX5alt
3700	PAX5alt	PAX5alt	PAX5alt	PAX5alt	PAX5alt	PAX5alt	PAX5alt	PAX5alt	PAX5alt	PAX5alt	PAX5alt	PAX5alt	PAX5alt	PAX5alt	PAX5alt	PAX5alt	PAX5alt	PAX5alt	PAX5alt	PAX5alt
3750	PAX5alt	PAX5alt	PAX5alt	PAX5alt	PAX5alt	PAX5alt	PAX5alt	PAX5alt	PAX5alt	PAX5alt	PAX5alt	PAX5alt	PAX5alt	PAX5alt	PAX5alt	PAX5alt	PAX5alt	PAX5alt	PAX5alt	PAX5alt
3800	PAX5alt	PAX5alt	PAX5alt	PAX5alt	PAX5alt	PAX5alt	PAX5alt	PAX5alt	PAX5alt	PAX5alt	PAX5alt	PAX5alt	PAX5alt	PAX5alt	PAX5alt	PAX5alt	PAX5alt	PAX5alt	PAX5alt	PAX5alt
3850	PAX5alt	PAX5alt	PAX5alt	PAX5alt	PAX5alt	PAX5alt	PAX5alt	PAX5alt	PAX5alt	PAX5alt	PAX5alt	PAX5alt	PAX5alt	PAX5alt	PAX5alt	PAX5alt	PAX5alt	PAX5alt	PAX5alt	PAX5alt
3900	PAX5alt	PAX5alt	PAX5alt	PAX5alt	PAX5alt	PAX5alt	PAX5alt	PAX5alt	PAX5alt	PAX5alt	PAX5alt	PAX5alt	PAX5alt	PAX5alt	PAX5alt	PAX5alt	PAX5alt	PAX5alt	PAX5alt	PAX5alt
3950	PAX5alt	PAX5alt	PAX5alt	PAX5alt	PAX5alt	PAX5alt	PAX5alt	PAX5alt	PAX5alt	PAX5alt	PAX5alt	PAX5alt	PAX5alt	PAX5alt	PAX5alt	PAX5alt	PAX5alt	PAX5alt	PAX5alt	PAX5alt
4000	PAX5alt	PAX5alt	PAX5alt	PAX5alt	PAX5alt	PAX5alt	PAX5alt	PAX5alt	PAX5alt	PAX5alt	PAX5alt	PAX5alt	PAX5alt	PAX5alt	PAX5alt	PAX5alt	PAX5alt	PAX5alt	PAX5alt	PAX5alt
4050	PAX5alt	PAX5alt	PAX5alt	PAX5alt	PAX5alt	PAX5alt	PAX5alt	PAX5alt	PAX5alt	PAX5alt	PAX5alt	PAX5alt	PAX5alt	PAX5alt	PAX5alt	PAX5alt	PAX5alt	PAX5alt	PAX5alt	PAX5alt
4100	PAX5alt	PAX5alt	PAX5alt	PAX5alt	PAX5alt	PAX5alt	PAX5alt	PAX5alt	PAX5alt	PAX5alt	PAX5alt	PAX5alt	PAX5alt	PAX5alt	PAX5alt	PAX5alt	PAX5alt	PAX5alt	PAX5alt	PAX5alt
4150	PAX5alt	PAX5alt	PAX5alt	PAX5alt	PAX5alt	PAX5alt	PAX5alt	PAX5alt	PAX5alt	PAX5alt	PAX5alt	PAX5alt	PAX5alt	PAX5alt	PAX5alt	PAX5alt	PAX5alt	PAX5alt	PAX5alt	PAX5alt
4200	PAX5alt	PAX5alt	PAX5alt	PAX5alt	PAX5alt	PAX5alt	PAX5alt	PAX5alt	PAX5alt	PAX5alt	PAX5alt	PAX5alt	PAX5alt	PAX5alt	PAX5alt	PAX5alt	PAX5alt	PAX5alt	PAX5alt	PAX5alt
4250	PAX5alt	PAX5alt	PAX5alt	PAX5alt	PAX5alt	PAX5alt	PAX5alt	PAX5alt	PAX5alt	PAX5alt	PAX5alt	PAX5alt	PAX5alt	PAX5alt	PAX5alt	PAX5alt	PAX5alt	PAX5alt	PAX5alt	PAX5alt
4300	PAX5alt	PAX5alt	PAX5alt	PAX5alt	PAX5alt	PAX5alt	PAX5alt	PAX5alt	PAX5alt	PAX5alt	PAX5alt	PAX5alt	PAX5alt	PAX5alt	PAX5alt	PAX5alt	PAX5alt	PAX5alt	PAX5alt	PAX5alt
4350	PAX5alt	PAX5alt	PAX5alt	PAX5alt	PAX5alt	PAX5alt	PAX5alt	PAX5alt	PAX5alt	PAX5alt	PAX5alt	PAX5alt	PAX5alt	PAX5alt	PAX5alt	PAX5alt	PAX5alt	PAX5alt	PAX5alt	Hyperdiploid
4400	PAX5alt	PAX5alt	PAX5alt	PAX5alt	PAX5alt	PAX5alt	PAX5alt	PAX5alt	PAX5alt	PAX5alt	PAX5alt	PAX5alt	PAX5alt	PAX5alt	PAX5alt	PAX5alt	PAX5alt	PAX5alt	PAX5alt	Hyperdiploid
4450	PAX5alt	PAX5alt	PAX5alt	PAX5alt	PAX5alt	PAX5alt	PAX5alt	PAX5alt	PAX5alt	PAX5alt	PAX5alt	PAX5alt	PAX5alt	PAX5alt	PAX5alt	PAX5alt	PAX5alt	PAX5alt	PAX5alt	PAX5alt
4500	PAX5alt	PAX5alt	PAX5alt	PAX5alt	PAX5alt	PAX5alt	PAX5alt	PAX5alt	PAX5alt	PAX5alt	PAX5alt	PAX5alt	PAX5alt	PAX5alt	PAX5alt	PAX5alt	PAX5alt	PAX5alt	PAX5alt	Hyperdiploid
4550	PAX5alt	PAX5alt	PAX5alt	PAX5alt	PAX5alt	PAX5alt	PAX5alt	PAX5alt	PAX5alt	PAX5alt	PAX5alt	PAX5alt	PAX5alt	PAX5alt	PAX5alt	PAX5alt	PAX5alt	PAX5alt	PAX5alt	Hyperdiploid
4600	PAX5alt	PAX5alt	PAX5alt	PAX5alt	PAX5alt	PAX5alt	PAX5alt	PAX5alt	PAX5alt	PAX5alt	PAX5alt	PAX5alt	PAX5alt	PAX5alt	PAX5alt	PAX5alt	PAX5alt	PAX5alt	PAX5alt	Hyperdiploid
4650	PAX5alt	PAX5alt	PAX5alt	PAX5alt	PAX5alt	PAX5alt	PAX5alt	PAX5alt	PAX5alt	PAX5alt	PAX5alt	PAX5alt	PAX5alt	PAX5alt	PAX5alt	PAX5alt	PAX5alt	PAX5alt	PAX5alt	Hyperdiploid
4700	PAX5alt	PAX5alt	PAX5alt	PAX5alt	PAX5alt	PAX5alt	PAX5alt	PAX5alt	PAX5alt	PAX5alt	PAX5alt	PAX5alt	PAX5alt	PAX5alt	PAX5alt	PAX5alt	PAX5alt	PAX5alt	PAX5alt	Hyperdiploid
4750	PAX5alt	PAX5alt	PAX5alt	PAX5alt	PAX5alt	PAX5alt	PAX5alt	PAX5alt	PAX5alt	PAX5alt	PAX5alt	PAX5alt	PAX5alt	PAX5alt	PAX5alt	PAX5alt	PAX5alt	PAX5alt	PAX5alt	Hyperdiploid
4800	PAX5alt	PAX5alt	PAX5alt	PAX5alt	PAX5alt	PAX5alt	PAX5alt	PAX5alt	PAX5alt	PAX5alt	PAX5alt	PAX5alt	PAX5alt	PAX5alt	PAX5alt	PAX5alt	PAX5alt	PAX5alt	PAX5alt	Hyperdiploid
4850	PAX5alt	PAX5alt	PAX5alt	PAX5alt	PAX5alt	PAX5alt	PAX5alt	PAX5alt	PAX5alt	PAX5alt	PAX5alt	PAX5alt	PAX5alt	PAX5alt	PAX5alt	PAX5alt	PAX5alt	PAX5alt	PAX5alt	PAX5alt
4900	PAX5alt	PAX5alt	PAX5alt	PAX5alt	PAX5alt	PAX5alt	PAX5alt	PAX5alt	PAX5alt	PAX5alt	PAX5alt	PAX5alt	PAX5alt	PAX5alt	PAX5alt	PAX5alt	PAX5alt	PAX5alt	PAX5alt	PAX5alt
4950	PAX5alt	PAX5alt	PAX5alt	PAX5alt	PAX5alt	PAX5alt	PAX5alt	PAX5alt	PAX5alt	PAX5alt	PAX5alt	PAX5alt	PAX5alt	PAX5alt	PAX5alt	PAX5alt	PAX5alt	PAX5alt	PAX5alt	PAX5alt
5000	PAX5alt	PAX5alt	PAX5alt	PAX5alt	PAX5alt	PAX5alt	PAX5alt	PAX5alt	PAX5alt	PAX5alt	PAX5alt	PAX5alt	PAX5alt	PAX5alt	PAX5alt	PAX5alt	PAX5alt	PAX5alt	PAX5alt	PAX5alt
